<?xml version="1.0" encoding="UTF-8"?>
<GenRun Id="impl_1" LaunchPart="xc7z020clg400-1" LaunchTime="1648581904">
  <File Type="BITSTR-BMM" Name="pdatapath_top_bd.bmm"/>
  <File Type="OPT-METHODOLOGY-DRC" Name="pdatapath_top_methodology_drc_opted.rpt"/>
  <File Type="INIT-TIMING" Name="pdatapath_top_timing_summary_init.rpt"/>
  <File Type="ROUTE-PWR" Name="pdatapath_top_power_routed.rpt"/>
  <File Type="PA-TCL" Name="pdatapath_top.tcl"/>
  <File Type="OPT-TIMING" Name="pdatapath_top_timing_summary_opted.rpt"/>
  <File Type="OPT-DCP" Name="pdatapath_top_opt.dcp"/>
  <File Type="ROUTE-PWR-SUM" Name="pdatapath_top_power_summary_routed.pb"/>
  <File Type="REPORTS-TCL" Name="pdatapath_top_reports.tcl"/>
  <File Type="OPT-DRC" Name="pdatapath_top_drc_opted.rpt"/>
  <File Type="OPT-HWDEF" Name="pdatapath_top.hwdef"/>
  <File Type="PWROPT-DCP" Name="pdatapath_top_pwropt.dcp"/>
  <File Type="PWROPT-DRC" Name="pdatapath_top_drc_pwropted.rpt"/>
  <File Type="PWROPT-TIMING" Name="pdatapath_top_timing_summary_pwropted.rpt"/>
  <File Type="PLACE-DCP" Name="pdatapath_top_placed.dcp"/>
  <File Type="PLACE-IO" Name="pdatapath_top_io_placed.rpt"/>
  <File Type="PLACE-CLK" Name="pdatapath_top_clock_utilization_placed.rpt"/>
  <File Type="PLACE-UTIL" Name="pdatapath_top_utilization_placed.rpt"/>
  <File Type="PLACE-UTIL-PB" Name="pdatapath_top_utilization_placed.pb"/>
  <File Type="PLACE-CTRL" Name="pdatapath_top_control_sets_placed.rpt"/>
  <File Type="PLACE-SIMILARITY" Name="pdatapath_top_incremental_reuse_placed.rpt"/>
  <File Type="PLACE-PRE-SIMILARITY" Name="pdatapath_top_incremental_reuse_pre_placed.rpt"/>
  <File Type="PLACE-TIMING" Name="pdatapath_top_timing_summary_placed.rpt"/>
  <File Type="POSTPLACE-PWROPT-DCP" Name="pdatapath_top_postplace_pwropt.dcp"/>
  <File Type="BG-BIN" Name="pdatapath_top.bin"/>
  <File Type="POSTPLACE-PWROPT-TIMING" Name="pdatapath_top_timing_summary_postplace_pwropted.rpt"/>
  <File Type="PHYSOPT-DCP" Name="pdatapath_top_physopt.dcp"/>
  <File Type="PHYSOPT-DRC" Name="pdatapath_top_drc_physopted.rpt"/>
  <File Type="BITSTR-MSK" Name="pdatapath_top.msk"/>
  <File Type="PHYSOPT-TIMING" Name="pdatapath_top_timing_summary_physopted.rpt"/>
  <File Type="ROUTE-ERROR-DCP" Name="pdatapath_top_routed_error.dcp"/>
  <File Type="ROUTE-DCP" Name="pdatapath_top_routed.dcp"/>
  <File Type="ROUTE-BLACKBOX-DCP" Name="pdatapath_top_routed_bb.dcp"/>
  <File Type="ROUTE-DRC" Name="pdatapath_top_drc_routed.rpt"/>
  <File Type="ROUTE-DRC-PB" Name="pdatapath_top_drc_routed.pb"/>
  <File Type="ROUTE-DRC-RPX" Name="pdatapath_top_drc_routed.rpx"/>
  <File Type="BITSTR-MMI" Name="pdatapath_top.mmi"/>
  <File Type="ROUTE-METHODOLOGY-DRC" Name="pdatapath_top_methodology_drc_routed.rpt"/>
  <File Type="ROUTE-METHODOLOGY-DRC-RPX" Name="pdatapath_top_methodology_drc_routed.rpx"/>
  <File Type="ROUTE-METHODOLOGY-DRC-PB" Name="pdatapath_top_methodology_drc_routed.pb"/>
  <File Type="ROUTE-PWR-RPX" Name="pdatapath_top_power_routed.rpx"/>
  <File Type="ROUTE-STATUS" Name="pdatapath_top_route_status.rpt"/>
  <File Type="ROUTE-STATUS-PB" Name="pdatapath_top_route_status.pb"/>
  <File Type="ROUTE-TIMINGSUMMARY" Name="pdatapath_top_timing_summary_routed.rpt"/>
  <File Type="ROUTE-TIMING-PB" Name="pdatapath_top_timing_summary_routed.pb"/>
  <File Type="ROUTE-TIMING-RPX" Name="pdatapath_top_timing_summary_routed.rpx"/>
  <File Type="ROUTE-SIMILARITY" Name="pdatapath_top_incremental_reuse_routed.rpt"/>
  <File Type="ROUTE-CLK" Name="pdatapath_top_clock_utilization_routed.rpt"/>
  <File Type="ROUTE-BUS-SKEW" Name="pdatapath_top_bus_skew_routed.rpt"/>
  <File Type="ROUTE-BUS-SKEW-PB" Name="pdatapath_top_bus_skew_routed.pb"/>
  <File Type="ROUTE-BUS-SKEW-RPX" Name="pdatapath_top_bus_skew_routed.rpx"/>
  <File Type="POSTROUTE-PHYSOPT-DCP" Name="pdatapath_top_postroute_physopt.dcp"/>
  <File Type="POSTROUTE-PHYSOPT-BLACKBOX-DCP" Name="pdatapath_top_postroute_physopt_bb.dcp"/>
  <File Type="POSTROUTE-PHYSOPT-TIMING" Name="pdatapath_top_timing_summary_postroute_physopted.rpt"/>
  <File Type="POSTROUTE-PHYSOPT-TIMING-PB" Name="pdatapath_top_timing_summary_postroute_physopted.pb"/>
  <File Type="POSTROUTE-PHYSOPT-TIMING-RPX" Name="pdatapath_top_timing_summary_postroute_physopted.rpx"/>
  <File Type="POSTROUTE-PHYSOPT-BUS-SKEW" Name="pdatapath_top_bus_skew_postroute_physopted.rpt"/>
  <File Type="POSTROUTE-PHYSOPT-BUS-SKEW-PB" Name="pdatapath_top_bus_skew_postroute_physopted.pb"/>
  <File Type="BG-BIT" Name="pdatapath_top.bit"/>
  <File Type="POSTROUTE-PHYSOPT-BUS-SKEW-RPX" Name="pdatapath_top_bus_skew_postroute_physopted.rpx"/>
  <File Type="BITSTR-RBT" Name="pdatapath_top.rbt"/>
  <File Type="BITSTR-NKY" Name="pdatapath_top.nky"/>
  <File Type="PDI-FILE" Name="pdatapath_top.pdi"/>
  <File Type="RCFI_FILE" Name="pdatapath_top.rcfi"/>
  <File Type="CFI_FILE" Name="pdatapath_top.cfi"/>
  <File Type="RNPI_FILE" Name="pdatapath_top.rnpi"/>
  <File Type="NPI_FILE" Name="pdatapath_top.npi"/>
  <File Type="RBD_FILE" Name="pdatapath_top.rbd"/>
  <File Type="BITSTR-LTX" Name="debug_nets.ltx"/>
  <File Type="BITSTR-LTX" Name="pdatapath_top.ltx"/>
  <File Type="BITSTR-SYSDEF" Name="pdatapath_top.sysdef"/>
  <File Type="BG-BGN" Name="pdatapath_top.bgn"/>
  <File Type="BG-DRC" Name="pdatapath_top.drc"/>
  <File Type="RDI-RDI" Name="pdatapath_top.vdi"/>
  <File Type="WBT-USG" Name="usage_statistics_webtalk.html"/>
  <FileSet Name="sources" Type="DesignSrcs" RelSrcDir="$PSRCDIR/sources_1">
    <Filter Type="Srcs"/>
    <File Path="$PSRCDIR/sources_1/ip/instr_mem_1/instr_mem.xci">
      <FileInfo>
        <Attr Name="UsedIn" Val="synthesis"/>
        <Attr Name="UsedIn" Val="implementation"/>
        <Attr Name="UsedIn" Val="simulation"/>
      </FileInfo>
    </File>
    <File Path="$PSRCDIR/sources_1/imports/Downloads/adaptor_display.v">
      <FileInfo>
        <Attr Name="ImportPath" Val="$PPRDIR/../Downloads/adaptor_display.v"/>
        <Attr Name="ImportTime" Val="1647969225"/>
        <Attr Name="UsedIn" Val="synthesis"/>
        <Attr Name="UsedIn" Val="implementation"/>
        <Attr Name="UsedIn" Val="simulation"/>
      </FileInfo>
    </File>
    <File Path="$PSRCDIR/sources_1/imports/Downloads/debounce.v">
      <FileInfo>
        <Attr Name="ImportPath" Val="$PPRDIR/../Downloads/debounce.v"/>
        <Attr Name="ImportTime" Val="1647969231"/>
        <Attr Name="UsedIn" Val="synthesis"/>
        <Attr Name="UsedIn" Val="implementation"/>
        <Attr Name="UsedIn" Val="simulation"/>
      </FileInfo>
    </File>
    <File Path="$PSRCDIR/sources_1/imports/new/eightbit_alu.v">
      <FileInfo>
        <Attr Name="ImportPath" Val="$PPRDIR/../lab4/lab4.srcs/sources_1/new/eightbit_alu.v"/>
        <Attr Name="ImportTime" Val="1645212599"/>
        <Attr Name="UsedIn" Val="synthesis"/>
        <Attr Name="UsedIn" Val="implementation"/>
        <Attr Name="UsedIn" Val="simulation"/>
      </FileInfo>
    </File>
    <File Path="$PSRCDIR/sources_1/new/instruction_decoder.v">
      <FileInfo>
        <Attr Name="UsedIn" Val="synthesis"/>
        <Attr Name="UsedIn" Val="implementation"/>
        <Attr Name="UsedIn" Val="simulation"/>
      </FileInfo>
    </File>
    <File Path="$PSRCDIR/sources_1/new/pc_counter.v">
      <FileInfo>
        <Attr Name="UsedIn" Val="synthesis"/>
        <Attr Name="UsedIn" Val="implementation"/>
        <Attr Name="UsedIn" Val="simulation"/>
      </FileInfo>
    </File>
    <File Path="$PSRCDIR/sources_1/imports/new/reg_file.v">
      <FileInfo>
        <Attr Name="ImportPath" Val="$PPRDIR/../lab4/lab4.srcs/sources_1/new/reg_file.v"/>
        <Attr Name="ImportTime" Val="1645241830"/>
        <Attr Name="UsedIn" Val="synthesis"/>
        <Attr Name="UsedIn" Val="implementation"/>
        <Attr Name="UsedIn" Val="simulation"/>
      </FileInfo>
    </File>
    <File Path="$PSRCDIR/sources_1/imports/fquan/pdatapath_top_lab7.v">
      <FileInfo>
        <Attr Name="ImportPath" Val="$PPRDIR/../../../TEMP/fquan/pdatapath_top_lab7.v"/>
        <Attr Name="ImportTime" Val="1648325492"/>
        <Attr Name="UsedIn" Val="synthesis"/>
        <Attr Name="UsedIn" Val="implementation"/>
        <Attr Name="UsedIn" Val="simulation"/>
      </FileInfo>
    </File>
    <File Path="$PPRDIR/../machine_code.coe">
      <FileInfo>
        <Attr Name="UsedIn" Val="synthesis"/>
        <Attr Name="UsedIn" Val="simulation"/>
      </FileInfo>
    </File>
    <Config>
      <Option Name="DesignMode" Val="RTL"/>
      <Option Name="TopModule" Val="pdatapath_top"/>
      <Option Name="TopAutoSet" Val="TRUE"/>
    </Config>
  </FileSet>
  <FileSet Name="constrs_in" Type="Constrs" RelSrcDir="$PSRCDIR/constrs_1">
    <Filter Type="Constrs"/>
    <File Path="$PSRCDIR/constrs_1/imports/fquan/pdatapath_lab7.xdc">
      <FileInfo>
        <Attr Name="ImportPath" Val="$PPRDIR/../../../TEMP/fquan/pdatapath_lab7.xdc"/>
        <Attr Name="ImportTime" Val="1648325504"/>
        <Attr Name="UsedIn" Val="synthesis"/>
        <Attr Name="UsedIn" Val="implementation"/>
      </FileInfo>
    </File>
    <Config>
      <Option Name="ConstrsType" Val="XDC"/>
    </Config>
  </FileSet>
  <FileSet Name="utils" Type="Utils" RelSrcDir="$PSRCDIR/utils_1">
    <Filter Type="Utils"/>
    <Config>
      <Option Name="TopAutoSet" Val="TRUE"/>
    </Config>
  </FileSet>
  <Strategy Version="1" Minor="2">
    <StratHandle Name="Vivado Implementation Defaults" Flow="Vivado Implementation 2020"/>
    <Step Id="init_design"/>
    <Step Id="opt_design"/>
    <Step Id="power_opt_design"/>
    <Step Id="place_design"/>
    <Step Id="post_place_power_opt_design"/>
    <Step Id="phys_opt_design"/>
    <Step Id="route_design"/>
    <Step Id="post_route_phys_opt_design"/>
    <Step Id="write_bitstream"/>
  </Strategy>
  <BlockFileSet Type="BlockSrcs" Name="data_memory"/>
  <BlockFileSet Type="BlockSrcs" Name="vio_0"/>
</GenRun>
