<?xml version="1.0" encoding="UTF-8"?>
<GenRun Id="synth_1" LaunchPart="xc7z020clg400-1" LaunchTime="1643139666">
  <File Type="PA-TCL" Name="xorgate_wrapper.tcl"/>
  <File Type="RDS-PROPCONSTRS" Name="xorgate_wrapper_drc_synth.rpt"/>
  <File Type="REPORTS-TCL" Name="xorgate_wrapper_reports.tcl"/>
  <File Type="RDS-RDS" Name="xorgate_wrapper.vds"/>
  <File Type="RDS-UTIL" Name="xorgate_wrapper_utilization_synth.rpt"/>
  <File Type="RDS-UTIL-PB" Name="xorgate_wrapper_utilization_synth.pb"/>
  <File Type="RDS-DCP" Name="xorgate_wrapper.dcp"/>
  <File Type="VDS-TIMINGSUMMARY" Name="xorgate_wrapper_timing_summary_synth.rpt"/>
  <File Type="VDS-TIMING-PB" Name="xorgate_wrapper_timing_summary_synth.pb"/>
  <FileSet Name="sources" Type="DesignSrcs" RelSrcDir="$PSRCDIR/sources_1">
    <Filter Type="Srcs"/>
    <File Path="$PSRCDIR/sources_1/bd/xorgate/xorgate.bd">
      <FileInfo>
        <Attr Name="UsedIn" Val="synthesis"/>
        <Attr Name="UsedIn" Val="implementation"/>
        <Attr Name="UsedIn" Val="simulation"/>
      </FileInfo>
    </File>
    <File Path="$PSRCDIR/sources_1/bd/xorgate/hdl/xorgate_wrapper.v">
      <FileInfo>
        <Attr Name="UsedIn" Val="synthesis"/>
        <Attr Name="UsedIn" Val="implementation"/>
        <Attr Name="UsedIn" Val="simulation"/>
      </FileInfo>
    </File>
    <Config>
      <Option Name="DesignMode" Val="RTL"/>
      <Option Name="TopModule" Val="xorgate_wrapper"/>
      <Option Name="TopAutoSet" Val="TRUE"/>
    </Config>
  </FileSet>
  <FileSet Name="constrs_in" Type="Constrs" RelSrcDir="$PSRCDIR/constrs_1">
    <Filter Type="Constrs"/>
    <File Path="$PSRCDIR/constrs_1/new/xorgate.xdc">
      <FileInfo>
        <Attr Name="UsedIn" Val="synthesis"/>
        <Attr Name="UsedIn" Val="implementation"/>
      </FileInfo>
    </File>
    <Config>
      <Option Name="ConstrsType" Val="XDC"/>
    </Config>
  </FileSet>
  <FileSet Name="utils" Type="Utils" RelSrcDir="$PSRCDIR/utils_1">
    <Filter Type="Utils"/>
    <Config>
      <Option Name="TopAutoSet" Val="TRUE"/>
    </Config>
  </FileSet>
  <Strategy Version="1" Minor="2">
    <StratHandle Name="Vivado Synthesis Defaults" Flow="Vivado Synthesis 2020">
      <Desc>Vivado Synthesis Defaults</Desc>
    </StratHandle>
    <Step Id="synth_design"/>
  </Strategy>
  <BlockFileSet Type="BlockSrcs" Name="xorgate_xup_nand2_3_0"/>
  <BlockFileSet Type="BlockSrcs" Name="xorgate_xup_nand2_2_0"/>
  <BlockFileSet Type="BlockSrcs" Name="xorgate_xup_nand2_0_0"/>
  <BlockFileSet Type="BlockSrcs" Name="xorgate_xup_nand2_1_0"/>
</GenRun>
