<?xml version="1.0"?>
<Runs Version="1" Minor="0">
	<Run Id="xorgate_xup_nand2_3_0_synth_1" LaunchDir="C:/Users/quan.f/2323/lab0/lab0.runs/xorgate_xup_nand2_3_0_synth_1" FlowId="Vivado_Synthesis" FromStepId="vivado" ToStepId="vivado"/>
	<Run Id="xorgate_xup_nand2_2_0_synth_1" LaunchDir="C:/Users/quan.f/2323/lab0/lab0.runs/xorgate_xup_nand2_2_0_synth_1" FlowId="Vivado_Synthesis" FromStepId="vivado" ToStepId="vivado" IsOrderedIPRun="true">
		<Parent Id="xorgate_xup_nand2_3_0_synth_1"/>
	</Run>
	<Run Id="xorgate_xup_nand2_0_0_synth_1" LaunchDir="C:/Users/quan.f/2323/lab0/lab0.runs/xorgate_xup_nand2_0_0_synth_1" FlowId="Vivado_Synthesis" FromStepId="vivado" ToStepId="vivado" IsOrderedIPRun="true">
		<Parent Id="xorgate_xup_nand2_3_0_synth_1"/>
	</Run>
	<Run Id="xorgate_xup_nand2_1_0_synth_1" LaunchDir="C:/Users/quan.f/2323/lab0/lab0.runs/xorgate_xup_nand2_1_0_synth_1" FlowId="Vivado_Synthesis" FromStepId="vivado" ToStepId="vivado" IsOrderedIPRun="true">
		<Parent Id="xorgate_xup_nand2_3_0_synth_1"/>
	</Run>
	<Run Id="synth_1" LaunchDir="C:/Users/quan.f/2323/lab0/lab0.runs/synth_1" FlowId="Vivado_Synthesis" FromStepId="vivado" ToStepId="vivado">
		<Parent Id="xorgate_xup_nand2_3_0_synth_1"/>
		<Parent Id="xorgate_xup_nand2_2_0_synth_1"/>
		<Parent Id="xorgate_xup_nand2_0_0_synth_1"/>
		<Parent Id="xorgate_xup_nand2_1_0_synth_1"/>
	</Run>
	<Run Id="impl_1" LaunchDir="C:/Users/quan.f/2323/lab0/lab0.runs/impl_1" FlowId="Vivado_Implementation" FromStepId="init_design" ToStepId="write_bitstream">
		<Parent Id="synth_1"/>
		<Parent Id="xorgate_xup_nand2_3_0_synth_1"/>
		<Parent Id="xorgate_xup_nand2_2_0_synth_1"/>
		<Parent Id="xorgate_xup_nand2_0_0_synth_1"/>
		<Parent Id="xorgate_xup_nand2_1_0_synth_1"/>
	</Run>
	<Parameters>
		<Parameter Name="runs.monitorLSFJobs" Val="true" Type="bool"/>
		<Parameter Name="runs.enableClusterConf" Val="true" Type="bool"/>
	</Parameters>
</Runs>

