<?xml version="1.0" encoding="UTF-8"?>
<GenRun Id="impl_1" LaunchPart="xc7z020clg400-1" LaunchTime="1643740849">
  <File Type="ROUTE-PWR" Name="adder8_top_power_routed.rpt"/>
  <File Type="PA-TCL" Name="adder8_top.tcl"/>
  <File Type="ROUTE-PWR-SUM" Name="adder8_top_power_summary_routed.pb"/>
  <File Type="REPORTS-TCL" Name="adder8_top_reports.tcl"/>
  <File Type="BITSTR-MSK" Name="adder8_top.msk"/>
  <File Type="ROUTE-CLK" Name="adder8_top_clock_utilization_routed.rpt"/>
  <File Type="RDI-RDI" Name="adder8_top.vdi"/>
  <File Type="BG-BIT" Name="adder8_top.bit"/>
  <File Type="BG-DRC" Name="adder8_top.drc"/>
  <File Type="BG-BGN" Name="adder8_top.bgn"/>
  <File Type="BG-BIN" Name="adder8_top.bin"/>
  <File Type="BITSTR-RBT" Name="adder8_top.rbt"/>
  <File Type="BITSTR-NKY" Name="adder8_top.nky"/>
  <File Type="BITSTR-BMM" Name="adder8_top_bd.bmm"/>
  <File Type="ROUTE-METHODOLOGY-DRC" Name="adder8_top_methodology_drc_routed.rpt"/>
  <File Type="BITSTR-MMI" Name="adder8_top.mmi"/>
  <File Type="BITSTR-SYSDEF" Name="adder8_top.sysdef"/>
  <File Type="BITSTR-LTX" Name="debug_nets.ltx"/>
  <File Type="BITSTR-LTX" Name="adder8_top.ltx"/>
  <File Type="WBT-USG" Name="usage_statistics_webtalk.html"/>
  <File Type="OPT-DRC" Name="adder8_top_drc_opted.rpt"/>
  <File Type="OPT-HWDEF" Name="adder8_top.hwdef"/>
  <File Type="PLACE-IO" Name="adder8_top_io_placed.rpt"/>
  <File Type="PLACE-UTIL" Name="adder8_top_utilization_placed.rpt"/>
  <File Type="PLACE-UTIL-PB" Name="adder8_top_utilization_placed.pb"/>
  <File Type="PLACE-CTRL" Name="adder8_top_control_sets_placed.rpt"/>
  <File Type="PLACE-PRE-SIMILARITY" Name="adder8_top_incremental_reuse_pre_placed.rpt"/>
  <File Type="ROUTE-DRC" Name="adder8_top_drc_routed.rpt"/>
  <File Type="ROUTE-DRC-PB" Name="adder8_top_drc_routed.pb"/>
  <File Type="ROUTE-PWR-RPX" Name="adder8_top_power_routed.rpx"/>
  <File Type="ROUTE-STATUS" Name="adder8_top_route_status.rpt"/>
  <File Type="ROUTE-STATUS-PB" Name="adder8_top_route_status.pb"/>
  <File Type="ROUTE-DCP" Name="adder8_top_routed.dcp"/>
  <File Type="ROUTE-ERROR-DCP" Name="adder8_top_routed_error.dcp"/>
  <File Type="ROUTE-BLACKBOX-DCP" Name="adder8_top_routed_bb.dcp"/>
  <File Type="ROUTE-TIMINGSUMMARY" Name="adder8_top_timing_summary_routed.rpt"/>
  <File Type="ROUTE-TIMING-PB" Name="adder8_top_timing_summary_routed.pb"/>
  <File Type="ROUTE-TIMING-RPX" Name="adder8_top_timing_summary_routed.rpx"/>
  <File Type="ROUTE-BUS-SKEW" Name="adder8_top_bus_skew_routed.rpt"/>
  <File Type="ROUTE-BUS-SKEW-PB" Name="adder8_top_bus_skew_routed.pb"/>
  <File Type="ROUTE-BUS-SKEW-RPX" Name="adder8_top_bus_skew_routed.rpx"/>
  <File Type="OPT-DCP" Name="adder8_top_opt.dcp"/>
  <File Type="PLACE-DCP" Name="adder8_top_placed.dcp"/>
  <File Type="PWROPT-DCP" Name="adder8_top_pwropt.dcp"/>
  <File Type="POSTPLACE-PWROPT-DCP" Name="adder8_top_postplace_pwropt.dcp"/>
  <File Type="PHYSOPT-DCP" Name="adder8_top_physopt.dcp"/>
  <File Type="POSTROUTE-PHYSOPT-DCP" Name="adder8_top_postroute_physopt.dcp"/>
  <File Type="POSTROUTE-PHYSOPT-BLACKBOX-DCP" Name="adder8_top_postroute_physopt_bb.dcp"/>
  <File Type="ROUTE-METHODOLOGY-DRC-PB" Name="adder8_top_methodology_drc_routed.pb"/>
  <File Type="ROUTE-DRC-RPX" Name="adder8_top_drc_routed.rpx"/>
  <File Type="ROUTE-METHODOLOGY-DRC-RPX" Name="adder8_top_methodology_drc_routed.rpx"/>
  <File Type="PDI-FILE" Name="adder8_top.pdi"/>
  <File Type="RCFI_FILE" Name="adder8_top.rcfi"/>
  <File Type="CFI_FILE" Name="adder8_top.cfi"/>
  <File Type="RNPI_FILE" Name="adder8_top.rnpi"/>
  <File Type="NPI_FILE" Name="adder8_top.npi"/>
  <File Type="RBD_FILE" Name="adder8_top.rbd"/>
  <FileSet Name="sources" Type="DesignSrcs" RelSrcDir="$PSRCDIR/sources_1">
    <Filter Type="Srcs"/>
    <File Path="$PSRCDIR/sources_1/new/eightbit_adder.v">
      <FileInfo>
        <Attr Name="UsedIn" Val="synthesis"/>
        <Attr Name="UsedIn" Val="implementation"/>
        <Attr Name="UsedIn" Val="simulation"/>
      </FileInfo>
    </File>
    <File Path="$PPRDIR/../../Downloads/adder8_top.v">
      <FileInfo>
        <Attr Name="UsedIn" Val="synthesis"/>
        <Attr Name="UsedIn" Val="implementation"/>
        <Attr Name="UsedIn" Val="simulation"/>
      </FileInfo>
    </File>
    <Config>
      <Option Name="DesignMode" Val="RTL"/>
      <Option Name="TopModule" Val="adder8_top"/>
      <Option Name="TopAutoSet" Val="TRUE"/>
    </Config>
  </FileSet>
  <FileSet Name="constrs_in" Type="Constrs" RelSrcDir="$PSRCDIR/constrs_1">
    <Filter Type="Constrs"/>
    <File Path="$PPRDIR/../../Downloads/eightbit_adder.xdc">
      <FileInfo>
        <Attr Name="UsedIn" Val="synthesis"/>
        <Attr Name="UsedIn" Val="implementation"/>
      </FileInfo>
    </File>
    <Config>
      <Option Name="ConstrsType" Val="XDC"/>
    </Config>
  </FileSet>
  <FileSet Name="utils" Type="Utils" RelSrcDir="$PSRCDIR/utils_1">
    <Filter Type="Utils"/>
    <Config>
      <Option Name="TopAutoSet" Val="TRUE"/>
    </Config>
  </FileSet>
  <Strategy Version="1" Minor="2">
    <StratHandle Name="Vivado Implementation Defaults" Flow="Vivado Implementation 2020"/>
    <Step Id="init_design"/>
    <Step Id="opt_design"/>
    <Step Id="power_opt_design"/>
    <Step Id="place_design"/>
    <Step Id="post_place_power_opt_design"/>
    <Step Id="phys_opt_design"/>
    <Step Id="route_design"/>
    <Step Id="post_route_phys_opt_design"/>
    <Step Id="write_bitstream"/>
    <Step Id="write_device_image"/>
  </Strategy>
</GenRun>
