<?xml version="1.0" encoding="UTF-8"?>
<GenRun Id="synth_1" LaunchPart="xc7z020clg400-1" LaunchTime="1646167752">
  <File Type="PA-TCL" Name="pdatapath_top.tcl"/>
  <File Type="RDS-PROPCONSTRS" Name="pdatapath_top_drc_synth.rpt"/>
  <File Type="REPORTS-TCL" Name="pdatapath_top_reports.tcl"/>
  <File Type="RDS-RDS" Name="pdatapath_top.vds"/>
  <File Type="RDS-UTIL" Name="pdatapath_top_utilization_synth.rpt"/>
  <File Type="RDS-UTIL-PB" Name="pdatapath_top_utilization_synth.pb"/>
  <File Type="RDS-DCP" Name="pdatapath_top.dcp"/>
  <File Type="VDS-TIMINGSUMMARY" Name="pdatapath_top_timing_summary_synth.rpt"/>
  <File Type="VDS-TIMING-PB" Name="pdatapath_top_timing_summary_synth.pb"/>
  <FileSet Name="sources" Type="DesignSrcs" RelSrcDir="$PSRCDIR/sources_1">
    <Filter Type="Srcs"/>
    <File Path="$PPRDIR/../Downloads/eightbit_alu.v">
      <FileInfo>
        <Attr Name="UsedIn" Val="synthesis"/>
        <Attr Name="UsedIn" Val="implementation"/>
        <Attr Name="UsedIn" Val="simulation"/>
      </FileInfo>
    </File>
    <File Path="$PPRDIR/../Downloads/reg_file.v">
      <FileInfo>
        <Attr Name="UsedIn" Val="synthesis"/>
        <Attr Name="UsedIn" Val="implementation"/>
        <Attr Name="UsedIn" Val="simulation"/>
      </FileInfo>
    </File>
    <File Path="$PSRCDIR/sources_1/new/pdatapath_top_lab5.v">
      <FileInfo>
        <Attr Name="UsedIn" Val="synthesis"/>
        <Attr Name="UsedIn" Val="implementation"/>
        <Attr Name="UsedIn" Val="simulation"/>
      </FileInfo>
    </File>
    <Config>
      <Option Name="DesignMode" Val="RTL"/>
      <Option Name="TopModule" Val="pdatapath_top"/>
      <Option Name="TopAutoSet" Val="TRUE"/>
    </Config>
  </FileSet>
  <FileSet Name="constrs_in" Type="Constrs" RelSrcDir="$PSRCDIR/constrs_1">
    <Filter Type="Constrs"/>
    <File Path="$PSRCDIR/constrs_1/imports/pdatapath_lab5.xdc">
      <FileInfo>
        <Attr Name="ImportPath" Val="$PPRDIR/../pdatapath_lab5.xdc"/>
        <Attr Name="ImportTime" Val="1645585951"/>
        <Attr Name="UsedIn" Val="synthesis"/>
        <Attr Name="UsedIn" Val="implementation"/>
      </FileInfo>
    </File>
    <Config>
      <Option Name="ConstrsType" Val="XDC"/>
    </Config>
  </FileSet>
  <FileSet Name="utils" Type="Utils" RelSrcDir="$PSRCDIR/utils_1">
    <Filter Type="Utils"/>
    <Config>
      <Option Name="TopAutoSet" Val="TRUE"/>
    </Config>
  </FileSet>
  <Strategy Version="1" Minor="2">
    <StratHandle Name="Vivado Synthesis Defaults" Flow="Vivado Synthesis 2020"/>
    <Step Id="synth_design"/>
  </Strategy>
  <BlockFileSet Type="BlockSrcs" Name="data_memory"/>
  <BlockFileSet Type="BlockSrcs" Name="vio_0"/>
</GenRun>
