<?xml version="1.0" encoding="UTF-8"?>
<GenRun Id="impl_1" LaunchPart="xc7z020clg400-1" LaunchTime="1643139666">
  <File Type="BITSTR-BMM" Name="xorgate_wrapper_bd.bmm"/>
  <File Type="OPT-METHODOLOGY-DRC" Name="xorgate_wrapper_methodology_drc_opted.rpt"/>
  <File Type="INIT-TIMING" Name="xorgate_wrapper_timing_summary_init.rpt"/>
  <File Type="ROUTE-PWR" Name="xorgate_wrapper_power_routed.rpt"/>
  <File Type="PA-TCL" Name="xorgate_wrapper.tcl"/>
  <File Type="OPT-TIMING" Name="xorgate_wrapper_timing_summary_opted.rpt"/>
  <File Type="OPT-DCP" Name="xorgate_wrapper_opt.dcp"/>
  <File Type="ROUTE-PWR-SUM" Name="xorgate_wrapper_power_summary_routed.pb"/>
  <File Type="REPORTS-TCL" Name="xorgate_wrapper_reports.tcl"/>
  <File Type="OPT-DRC" Name="xorgate_wrapper_drc_opted.rpt"/>
  <File Type="OPT-HWDEF" Name="xorgate_wrapper.hwdef"/>
  <File Type="PWROPT-DCP" Name="xorgate_wrapper_pwropt.dcp"/>
  <File Type="PWROPT-DRC" Name="xorgate_wrapper_drc_pwropted.rpt"/>
  <File Type="PWROPT-TIMING" Name="xorgate_wrapper_timing_summary_pwropted.rpt"/>
  <File Type="PLACE-DCP" Name="xorgate_wrapper_placed.dcp"/>
  <File Type="PLACE-IO" Name="xorgate_wrapper_io_placed.rpt"/>
  <File Type="PLACE-CLK" Name="xorgate_wrapper_clock_utilization_placed.rpt"/>
  <File Type="PLACE-UTIL" Name="xorgate_wrapper_utilization_placed.rpt"/>
  <File Type="PLACE-UTIL-PB" Name="xorgate_wrapper_utilization_placed.pb"/>
  <File Type="PLACE-CTRL" Name="xorgate_wrapper_control_sets_placed.rpt"/>
  <File Type="PLACE-SIMILARITY" Name="xorgate_wrapper_incremental_reuse_placed.rpt"/>
  <File Type="PLACE-PRE-SIMILARITY" Name="xorgate_wrapper_incremental_reuse_pre_placed.rpt"/>
  <File Type="PLACE-TIMING" Name="xorgate_wrapper_timing_summary_placed.rpt"/>
  <File Type="POSTPLACE-PWROPT-DCP" Name="xorgate_wrapper_postplace_pwropt.dcp"/>
  <File Type="BG-BIN" Name="xorgate_wrapper.bin"/>
  <File Type="POSTPLACE-PWROPT-TIMING" Name="xorgate_wrapper_timing_summary_postplace_pwropted.rpt"/>
  <File Type="PHYSOPT-DCP" Name="xorgate_wrapper_physopt.dcp"/>
  <File Type="PHYSOPT-DRC" Name="xorgate_wrapper_drc_physopted.rpt"/>
  <File Type="BITSTR-MSK" Name="xorgate_wrapper.msk"/>
  <File Type="PHYSOPT-TIMING" Name="xorgate_wrapper_timing_summary_physopted.rpt"/>
  <File Type="ROUTE-ERROR-DCP" Name="xorgate_wrapper_routed_error.dcp"/>
  <File Type="ROUTE-DCP" Name="xorgate_wrapper_routed.dcp"/>
  <File Type="ROUTE-BLACKBOX-DCP" Name="xorgate_wrapper_routed_bb.dcp"/>
  <File Type="ROUTE-DRC" Name="xorgate_wrapper_drc_routed.rpt"/>
  <File Type="ROUTE-DRC-PB" Name="xorgate_wrapper_drc_routed.pb"/>
  <File Type="ROUTE-DRC-RPX" Name="xorgate_wrapper_drc_routed.rpx"/>
  <File Type="BITSTR-MMI" Name="xorgate_wrapper.mmi"/>
  <File Type="ROUTE-METHODOLOGY-DRC" Name="xorgate_wrapper_methodology_drc_routed.rpt"/>
  <File Type="ROUTE-METHODOLOGY-DRC-RPX" Name="xorgate_wrapper_methodology_drc_routed.rpx"/>
  <File Type="ROUTE-METHODOLOGY-DRC-PB" Name="xorgate_wrapper_methodology_drc_routed.pb"/>
  <File Type="ROUTE-PWR-RPX" Name="xorgate_wrapper_power_routed.rpx"/>
  <File Type="ROUTE-STATUS" Name="xorgate_wrapper_route_status.rpt"/>
  <File Type="ROUTE-STATUS-PB" Name="xorgate_wrapper_route_status.pb"/>
  <File Type="ROUTE-TIMINGSUMMARY" Name="xorgate_wrapper_timing_summary_routed.rpt"/>
  <File Type="ROUTE-TIMING-PB" Name="xorgate_wrapper_timing_summary_routed.pb"/>
  <File Type="ROUTE-TIMING-RPX" Name="xorgate_wrapper_timing_summary_routed.rpx"/>
  <File Type="ROUTE-SIMILARITY" Name="xorgate_wrapper_incremental_reuse_routed.rpt"/>
  <File Type="ROUTE-CLK" Name="xorgate_wrapper_clock_utilization_routed.rpt"/>
  <File Type="ROUTE-BUS-SKEW" Name="xorgate_wrapper_bus_skew_routed.rpt"/>
  <File Type="ROUTE-BUS-SKEW-PB" Name="xorgate_wrapper_bus_skew_routed.pb"/>
  <File Type="ROUTE-BUS-SKEW-RPX" Name="xorgate_wrapper_bus_skew_routed.rpx"/>
  <File Type="POSTROUTE-PHYSOPT-DCP" Name="xorgate_wrapper_postroute_physopt.dcp"/>
  <File Type="POSTROUTE-PHYSOPT-BLACKBOX-DCP" Name="xorgate_wrapper_postroute_physopt_bb.dcp"/>
  <File Type="POSTROUTE-PHYSOPT-TIMING" Name="xorgate_wrapper_timing_summary_postroute_physopted.rpt"/>
  <File Type="POSTROUTE-PHYSOPT-TIMING-PB" Name="xorgate_wrapper_timing_summary_postroute_physopted.pb"/>
  <File Type="POSTROUTE-PHYSOPT-TIMING-RPX" Name="xorgate_wrapper_timing_summary_postroute_physopted.rpx"/>
  <File Type="POSTROUTE-PHYSOPT-BUS-SKEW" Name="xorgate_wrapper_bus_skew_postroute_physopted.rpt"/>
  <File Type="POSTROUTE-PHYSOPT-BUS-SKEW-PB" Name="xorgate_wrapper_bus_skew_postroute_physopted.pb"/>
  <File Type="BG-BIT" Name="xorgate_wrapper.bit"/>
  <File Type="POSTROUTE-PHYSOPT-BUS-SKEW-RPX" Name="xorgate_wrapper_bus_skew_postroute_physopted.rpx"/>
  <File Type="BITSTR-RBT" Name="xorgate_wrapper.rbt"/>
  <File Type="BITSTR-NKY" Name="xorgate_wrapper.nky"/>
  <File Type="PDI-FILE" Name="xorgate_wrapper.pdi"/>
  <File Type="RCFI_FILE" Name="xorgate_wrapper.rcfi"/>
  <File Type="CFI_FILE" Name="xorgate_wrapper.cfi"/>
  <File Type="RNPI_FILE" Name="xorgate_wrapper.rnpi"/>
  <File Type="NPI_FILE" Name="xorgate_wrapper.npi"/>
  <File Type="RBD_FILE" Name="xorgate_wrapper.rbd"/>
  <File Type="BITSTR-LTX" Name="debug_nets.ltx"/>
  <File Type="BITSTR-LTX" Name="xorgate_wrapper.ltx"/>
  <File Type="BITSTR-SYSDEF" Name="xorgate_wrapper.sysdef"/>
  <File Type="BG-BGN" Name="xorgate_wrapper.bgn"/>
  <File Type="BG-DRC" Name="xorgate_wrapper.drc"/>
  <File Type="RDI-RDI" Name="xorgate_wrapper.vdi"/>
  <File Type="WBT-USG" Name="usage_statistics_webtalk.html"/>
  <FileSet Name="sources" Type="DesignSrcs" RelSrcDir="$PSRCDIR/sources_1">
    <Filter Type="Srcs"/>
    <File Path="$PSRCDIR/sources_1/bd/xorgate/xorgate.bd">
      <FileInfo>
        <Attr Name="UsedIn" Val="synthesis"/>
        <Attr Name="UsedIn" Val="implementation"/>
        <Attr Name="UsedIn" Val="simulation"/>
      </FileInfo>
    </File>
    <File Path="$PSRCDIR/sources_1/bd/xorgate/hdl/xorgate_wrapper.v">
      <FileInfo>
        <Attr Name="UsedIn" Val="synthesis"/>
        <Attr Name="UsedIn" Val="implementation"/>
        <Attr Name="UsedIn" Val="simulation"/>
      </FileInfo>
    </File>
    <Config>
      <Option Name="DesignMode" Val="RTL"/>
      <Option Name="TopModule" Val="xorgate_wrapper"/>
      <Option Name="TopAutoSet" Val="TRUE"/>
    </Config>
  </FileSet>
  <FileSet Name="constrs_in" Type="Constrs" RelSrcDir="$PSRCDIR/constrs_1">
    <Filter Type="Constrs"/>
    <File Path="$PSRCDIR/constrs_1/new/xorgate.xdc">
      <FileInfo>
        <Attr Name="UsedIn" Val="synthesis"/>
        <Attr Name="UsedIn" Val="implementation"/>
      </FileInfo>
    </File>
    <Config>
      <Option Name="ConstrsType" Val="XDC"/>
    </Config>
  </FileSet>
  <FileSet Name="utils" Type="Utils" RelSrcDir="$PSRCDIR/utils_1">
    <Filter Type="Utils"/>
    <Config>
      <Option Name="TopAutoSet" Val="TRUE"/>
    </Config>
  </FileSet>
  <Strategy Version="1" Minor="2">
    <StratHandle Name="Vivado Implementation Defaults" Flow="Vivado Implementation 2020">
      <Desc>Default settings for Implementation.</Desc>
    </StratHandle>
    <Step Id="init_design"/>
    <Step Id="opt_design"/>
    <Step Id="power_opt_design"/>
    <Step Id="place_design"/>
    <Step Id="post_place_power_opt_design"/>
    <Step Id="phys_opt_design"/>
    <Step Id="route_design"/>
    <Step Id="post_route_phys_opt_design"/>
    <Step Id="write_bitstream"/>
  </Strategy>
  <BlockFileSet Type="BlockSrcs" Name="xorgate_xup_nand2_3_0"/>
  <BlockFileSet Type="BlockSrcs" Name="xorgate_xup_nand2_2_0"/>
  <BlockFileSet Type="BlockSrcs" Name="xorgate_xup_nand2_0_0"/>
  <BlockFileSet Type="BlockSrcs" Name="xorgate_xup_nand2_1_0"/>
</GenRun>
